artist_id,artist_name,external_url
4V8Sr092TqfHkfAA5fXXqG,Luis Fonsi,https://api.spotify.com/v1/artists/4V8Sr092TqfHkfAA5fXXqG
4VMYDCV2IEDYJArk749S6m,Daddy Yankee,https://api.spotify.com/v1/artists/4VMYDCV2IEDYJArk749S6m
1uNFoZAHBGtllmzznpCI3s,Justin Bieber,https://api.spotify.com/v1/artists/1uNFoZAHBGtllmzznpCI3s
0QHgL1lAIqAw0HtD7YldmP,DJ Khaled,https://api.spotify.com/v1/artists/0QHgL1lAIqAw0HtD7YldmP
0VRj0yCOv2FXJNP47XQnx5,Quavo,https://api.spotify.com/v1/artists/0VRj0yCOv2FXJNP47XQnx5
1anyVhU62p31KFi8MEzkbf,Chance the Rapper,https://api.spotify.com/v1/artists/1anyVhU62p31KFi8MEzkbf
55Aa2cqylxrFIXC767Z865,Lil Wayne,https://api.spotify.com/v1/artists/55Aa2cqylxrFIXC767Z865
6eUKZXaKkcviH0Ku9w2n3V,Ed Sheeran,https://api.spotify.com/v1/artists/6eUKZXaKkcviH0Ku9w2n3V
2YZyLoL8N0Wb9xBt1NhZWg,Kendrick Lamar,https://api.spotify.com/v1/artists/2YZyLoL8N0Wb9xBt1NhZWg
1RyvyyTE3xzB2ZywiAwp0i,Future,https://api.spotify.com/v1/artists/1RyvyyTE3xzB2ZywiAwp0i
69GGBxA162lTqCwzJG5jLp,The Chainsmokers,https://api.spotify.com/v1/artists/69GGBxA162lTqCwzJG5jLp
4gzpq5DPGxSnKTe4SA8HAU,Coldplay,https://api.spotify.com/v1/artists/4gzpq5DPGxSnKTe4SA8HAU
2qxJFvFYMEDqd7ui6kSAcq,Zedd,https://api.spotify.com/v1/artists/2qxJFvFYMEDqd7ui6kSAcq
2wUjUUtkb5lvLKcGKsKqsR,Alessia Cara,https://api.spotify.com/v1/artists/2wUjUUtkb5lvLKcGKsKqsR
23fqKkggKUBHNkbKtXEls4,Kygo,https://api.spotify.com/v1/artists/23fqKkggKUBHNkbKtXEls4
0C8ZW7ezQVs4URX5aX7Kqx,Selena Gomez,https://api.spotify.com/v1/artists/0C8ZW7ezQVs4URX5aX7Kqx
07YZf4WDAMNwqr4jfgOZ8y,Jason Derulo,https://api.spotify.com/v1/artists/07YZf4WDAMNwqr4jfgOZ8y
0hCNtLu0JehylgoiP8L4Gh,Nicki Minaj,https://api.spotify.com/v1/artists/0hCNtLu0JehylgoiP8L4Gh
7c0XG5cIJTrrAgEC3ULPiq,Ty Dolla $ign,https://api.spotify.com/v1/artists/7c0XG5cIJTrrAgEC3ULPiq
5YGY8feqx7naU7z4HrwZM6,Miley Cyrus,https://api.spotify.com/v1/artists/5YGY8feqx7naU7z4HrwZM6
7n2wHs1TKAczGzO7Dd2rGr,Shawn Mendes,https://api.spotify.com/v1/artists/7n2wHs1TKAczGzO7Dd2rGr
0du5cEVh5yTK9QJze8zA0C,Bruno Mars,https://api.spotify.com/v1/artists/0du5cEVh5yTK9QJze8zA0C
6MDME20pz9RveH9rEXvrOM,Clean Bandit,https://api.spotify.com/v1/artists/6MDME20pz9RveH9rEXvrOM
1Xylc3o4UrD53lo9CvFvVg,Zara Larsson,https://api.spotify.com/v1/artists/1Xylc3o4UrD53lo9CvFvVg
6VuMaDnrHyPL1p4EHjYLi7,Charlie Puth,https://api.spotify.com/v1/artists/6VuMaDnrHyPL1p4EHjYLi7
3TVXtAsR1Inumwj472S9r4,Drake,https://api.spotify.com/v1/artists/3TVXtAsR1Inumwj472S9r4
6KImCVD70vtIoJWnq6nGn3,Harry Styles,https://api.spotify.com/v1/artists/6KImCVD70vtIoJWnq6nGn3
4O15NlyKLIASxsJ0PrXPfz,Lil Uzi Vert,https://api.spotify.com/v1/artists/4O15NlyKLIASxsJ0PrXPfz
0X2BH1fck6amBIoJhDVmmJ,Ellie Goulding,https://api.spotify.com/v1/artists/0X2BH1fck6amBIoJhDVmmJ
1r4hJ1h58CWwUQe3MxPuau,Maluma,https://api.spotify.com/v1/artists/1r4hJ1h58CWwUQe3MxPuau
6vXTefBL93Dj5IqAWq6OTv,French Montana,https://api.spotify.com/v1/artists/6vXTefBL93Dj5IqAWq6OTv
1zNqQNIdeOUZHb8zbZRFMX,Swae Lee,https://api.spotify.com/v1/artists/1zNqQNIdeOUZHb8zbZRFMX
0ZED1XzwlLHW4ZaG4lOT6m,Julia Michaels,https://api.spotify.com/v1/artists/0ZED1XzwlLHW4ZaG4lOT6m
60d24wfXkVzDSfLS6hyCjZ,Martin Garrix,https://api.spotify.com/v1/artists/60d24wfXkVzDSfLS6hyCjZ
6M2wZ9GZgrQXHCFfjv46we,Dua Lipa,https://api.spotify.com/v1/artists/6M2wZ9GZgrQXHCFfjv46we
7CajNmpbOovFoOoasH2HaY,Calvin Harris,https://api.spotify.com/v1/artists/7CajNmpbOovFoOoasH2HaY
2h93pZq0e7k5yf4dywlkpM,Frank Ocean,https://api.spotify.com/v1/artists/2h93pZq0e7k5yf4dywlkpM
6oMuImdp5ZcFhWP0ESe6mG,Migos,https://api.spotify.com/v1/artists/6oMuImdp5ZcFhWP0ESe6mG
246dkjvS1zLTtiykXe5h60,Post Malone,https://api.spotify.com/v1/artists/246dkjvS1zLTtiykXe5h60
7DMveApC7UnC2NPfPvlHSU,Cheat Codes,https://api.spotify.com/v1/artists/7DMveApC7UnC2NPfPvlHSU
6S2OmqARrzebs0tKUEyXyp,Demi Lovato,https://api.spotify.com/v1/artists/6S2OmqARrzebs0tKUEyXyp
4xRYI6VqpkE3UwrDrAZL8L,Logic,https://api.spotify.com/v1/artists/4xRYI6VqpkE3UwrDrAZL8L
6LuN9FCkKOj5PcnpouEgny,Khalid,https://api.spotify.com/v1/artists/6LuN9FCkKOj5PcnpouEgny
53XhwfbYqKCa1cC15pYq2q,Imagine Dragons,https://api.spotify.com/v1/artists/53XhwfbYqKCa1cC15pYq2q
7qG3b048QCHVRO5Pv1T5lw,Enrique Iglesias,https://api.spotify.com/v1/artists/7qG3b048QCHVRO5Pv1T5lw
5luyt0SUvGkDMY4ILP6Qhl,Descemer Bueno,https://api.spotify.com/v1/artists/5luyt0SUvGkDMY4ILP6Qhl
21451j1KhjAiaYKflxBjr1,Zion & Lennox,https://api.spotify.com/v1/artists/21451j1KhjAiaYKflxBjr1
0uGk2czvcpWQA383Im6ajf,Maggie Lindemann,https://api.spotify.com/v1/artists/0uGk2czvcpWQA383Im6ajf
0CEK8AzyeD5ZUdUloB6yQV,CADE,https://api.spotify.com/v1/artists/0CEK8AzyeD5ZUdUloB6yQV
5H1nN1SzW0qNeUEZvuXjAj,Danny Ocean,https://api.spotify.com/v1/artists/5H1nN1SzW0qNeUEZvuXjAj
1HY2Jd0NmPuamShAr6KMms,Lady Gaga,https://api.spotify.com/v1/artists/1HY2Jd0NmPuamShAr6KMms
4qBgvVog0wzW75IQ48mU7v,KYLE,https://api.spotify.com/v1/artists/4qBgvVog0wzW75IQ48mU7v
6icQOAFXDZKsumw3YXyusw,Lil Yachty,https://api.spotify.com/v1/artists/6icQOAFXDZKsumw3YXyusw
02kJSzxNuaWGqwubyUba0Z,G-Eazy,https://api.spotify.com/v1/artists/02kJSzxNuaWGqwubyUba0Z
0cGUm45nv7Z6M6qdXYQGTX,Kehlani,https://api.spotify.com/v1/artists/0cGUm45nv7Z6M6qdXYQGTX
26VFTg2z8YR0cCuwLzESi2,Halsey,https://api.spotify.com/v1/artists/26VFTg2z8YR0cCuwLzESi2
3Isy6kedDrgPYoTS1dazA9,Sean Paul,https://api.spotify.com/v1/artists/3Isy6kedDrgPYoTS1dazA9
1zNqDE7qDGCsyzJwohVaoX,Anne-Marie,https://api.spotify.com/v1/artists/1zNqDE7qDGCsyzJwohVaoX
02A3cEvlLLCbIMVDrK2GHV,Starley,https://api.spotify.com/v1/artists/02A3cEvlLLCbIMVDrK2GHV
33JQK4UoS2aMPYBfdB5Ftt,Ryan Riback,https://api.spotify.com/v1/artists/33JQK4UoS2aMPYBfdB5Ftt
5ZsFI1h6hIdQRw2ti0hz81,ZAYN,https://api.spotify.com/v1/artists/5ZsFI1h6hIdQRw2ti0hz81
06HL4z0CvFAxyc27GXpf02,Taylor Swift,https://api.spotify.com/v1/artists/06HL4z0CvFAxyc27GXpf02
04gDigrS5kc9YWfZHwBETP,Maroon 5,https://api.spotify.com/v1/artists/04gDigrS5kc9YWfZHwBETP
3qBKjEOanahMxlRojwCzhI,Zacari,https://api.spotify.com/v1/artists/3qBKjEOanahMxlRojwCzhI
1Xyo4u8uXC1ZmMpatF05PJ,The Weeknd,https://api.spotify.com/v1/artists/1Xyo4u8uXC1ZmMpatF05PJ
4tZwfgrHOc3mvqYlEYSvVi,Daft Punk,https://api.spotify.com/v1/artists/4tZwfgrHOc3mvqYlEYSvVi
1SupJlEpv7RS2tPNRaHViT,Nicky Jam,https://api.spotify.com/v1/artists/1SupJlEpv7RS2tPNRaHViT
4Q6nIcaBED8qUel8bBx6Cr,Jax Jones,https://api.spotify.com/v1/artists/4Q6nIcaBED8qUel8bBx6Cr
5KKpBU5eC2tJDzf0wmlRp2,RAYE,https://api.spotify.com/v1/artists/5KKpBU5eC2tJDzf0wmlRp2
1Hsdzj7Dlq2I7tHP7501T4,Niall Horan,https://api.spotify.com/v1/artists/1Hsdzj7Dlq2I7tHP7501T4
4ehtJnVumNf6xzSCDk8aLB,Martin Jensen,https://api.spotify.com/v1/artists/4ehtJnVumNf6xzSCDk8aLB
6jJ0s89eD6GaHleKKya26X,Katy Perry,https://api.spotify.com/v1/artists/6jJ0s89eD6GaHleKKya26X
3E6xrwgnVfYCrCs0ePERDz,Wisin,https://api.spotify.com/v1/artists/3E6xrwgnVfYCrCs0ePERDz
1i8SpTcr7yvPOmcqrbnVXY,Ozuna,https://api.spotify.com/v1/artists/1i8SpTcr7yvPOmcqrbnVXY
4IWBUUAFIplrNtaOHcJPRM,James Arthur,https://api.spotify.com/v1/artists/4IWBUUAFIplrNtaOHcJPRM
0Y5tJX1MQlPlqiwlOH1tJY,Travis Scott,https://api.spotify.com/v1/artists/0Y5tJX1MQlPlqiwlOH1tJY
5pKCCKE2ajJHZ9KAiaK11H,Rihanna,https://api.spotify.com/v1/artists/5pKCCKE2ajJHZ9KAiaK11H
0qTZZWLzuD59Un5r1speHm,Chris Jedi,https://api.spotify.com/v1/artists/0qTZZWLzuD59Un5r1speHm
1vyhD5VmyZ7KMfW5gqLgo5,J Balvin,https://api.spotify.com/v1/artists/1vyhD5VmyZ7KMfW5gqLgo5
4SsVbpTthjScTS7U2hmr1X,Arc√°ngel,https://api.spotify.com/v1/artists/4SsVbpTthjScTS7U2hmr1X
6ltzsmQQbmdoHHbLZ4ZN25,Lord Huron,https://api.spotify.com/v1/artists/6ltzsmQQbmdoHHbLZ4ZN25
4ON1ruy5ijE7ZPQthbrkgI,Burak Yeter,https://api.spotify.com/v1/artists/4ON1ruy5ijE7ZPQthbrkgI
7Dz9goFmVZZqvJxZoKg7pF,Danelle Sandoval,https://api.spotify.com/v1/artists/7Dz9goFmVZZqvJxZoKg7pF
0TnOYISbd1XYRBk9myaseg,Pitbull,https://api.spotify.com/v1/artists/0TnOYISbd1XYRBk9myaseg
4nDoRrQiYLoBzwC5BhVJzF,Camila Cabello,https://api.spotify.com/v1/artists/4nDoRrQiYLoBzwC5BhVJzF
46SHBwWsqBkxI7EeeBEQG7,Kodak Black,https://api.spotify.com/v1/artists/46SHBwWsqBkxI7EeeBEQG7
2HPaUgqeutzr3jx5a9WyDV,PARTYNEXTDOOR,https://api.spotify.com/v1/artists/2HPaUgqeutzr3jx5a9WyDV
5p7f24Rk5HkUZsaS3BLG5F,Hailee Steinfeld,https://api.spotify.com/v1/artists/5p7f24Rk5HkUZsaS3BLG5F
0EmeFodog0BfCgMzAIvKQp,Shakira,https://api.spotify.com/v1/artists/0EmeFodog0BfCgMzAIvKQp
3tVQdUvClmAT7URs9V3rsp,Wizkid,https://api.spotify.com/v1/artists/3tVQdUvClmAT7URs9V3rsp
77DAFfvm3O9zT5dIoG0eIO,Kyla,https://api.spotify.com/v1/artists/77DAFfvm3O9zT5dIoG0eIO
2kucQ9jQwuD8jWdtR9Ef38,Sam Hunt,https://api.spotify.com/v1/artists/2kucQ9jQwuD8jWdtR9Ef38
4kYGAK2zu9EAomwj3hXkXy,JP Cooper,https://api.spotify.com/v1/artists/4kYGAK2zu9EAomwj3hXkXy
0eecdvMrqBftK0M1VKhaF4,CNCO,https://api.spotify.com/v1/artists/0eecdvMrqBftK0M1VKhaF4
0eHQ9o50hj6ZDNBt6Ys1sD,Yandel,https://api.spotify.com/v1/artists/0eHQ9o50hj6ZDNBt6Ys1sD
4ryoUS0W8qXokfMxrlJt6O,Skip Marley,https://api.spotify.com/v1/artists/4ryoUS0W8qXokfMxrlJt6O
0c173mlxpT3dSFRgMO8XPh,Big Sean,https://api.spotify.com/v1/artists/0c173mlxpT3dSFRgMO8XPh
13y7CgLHjMVRMDqxdx0Xdo,Gucci Mane,https://api.spotify.com/v1/artists/13y7CgLHjMVRMDqxdx0Xdo
540vIaP2JwjQb9dm3aArA4,DJ Snake,https://api.spotify.com/v1/artists/540vIaP2JwjQb9dm3aArA4
3e7awlrlDSwF3iM0WBjGMp,Little Mix,https://api.spotify.com/v1/artists/3e7awlrlDSwF3iM0WBjGMp
15UsOTVnJzReFVN1VCnxy4,XXXTENTACION,https://api.spotify.com/v1/artists/15UsOTVnJzReFVN1VCnxy4
2cFrymmkijnjDg9SS92EPM,blackbear,https://api.spotify.com/v1/artists/2cFrymmkijnjDg9SS92EPM
2LZDXcxJWgsJfKXZv9a5eG,Cashmere Cat,https://api.spotify.com/v1/artists/2LZDXcxJWgsJfKXZv9a5eG
66CXWjxzNUsdJxJ2JdwvnR,Ariana Grande,https://api.spotify.com/v1/artists/66CXWjxzNUsdJxJ2JdwvnR
5Pwc4xIPtQLFEnJriah9YJ,OneRepublic,https://api.spotify.com/v1/artists/5Pwc4xIPtQLFEnJriah9YJ
4lDBihdpMlOalxy1jkUbPl,Grey,https://api.spotify.com/v1/artists/4lDBihdpMlOalxy1jkUbPl
6s22t5Y3prQHyaHWUN1R1C,AJR,https://api.spotify.com/v1/artists/6s22t5Y3prQHyaHWUN1R1C
73sIBHcqh3Z3NyqHKZ7FOL,Childish Gambino,https://api.spotify.com/v1/artists/73sIBHcqh3Z3NyqHKZ7FOL
163tK9Wjr9P9DmM0AVK7lm,Lorde,https://api.spotify.com/v1/artists/163tK9Wjr9P9DmM0AVK7lm
2R21vXR83lH98kGeO99Y66,Anuel AA,https://api.spotify.com/v1/artists/2R21vXR83lH98kGeO99Y66
329e4yvIujISKGKz1BZZbO,Farruko,https://api.spotify.com/v1/artists/329e4yvIujISKGKz1BZZbO
4u5smJBskI6Adzv08PuiUP,Kiiara,https://api.spotify.com/v1/artists/4u5smJBskI6Adzv08PuiUP
1qskAseW7apRxJBpYAO9Yk,Felix Snow,https://api.spotify.com/v1/artists/1qskAseW7apRxJBpYAO9Yk
